<?xml version="1.0" encoding="utf-8" standalone="yes"?>
<window>
    <defaultcontrol>250</defaultcontrol>
    <zorder>-1</zorder>
    <coordinates>
        <system>1</system>
        <posx>340</posx>
        <posy>220</posy>
    </coordinates>
    
    <controls>
    
        <control type="image" id="90">
            <description>Dim Background</description>
            <animation type="WindowOpen">
                <effect type="fade" start="0" end="100" time="700" delay="0" tween="line"/>
            </animation>
            <animation type="WindowClose">
                <effect type="fade" start="100" end="0" time="1000" delay="170" tween="line"/>
            </animation>
            <posx>-340</posx>
            <posy>-220</posy>
            <width>1280</width>
            <height>720</height>
            <texture>dim.png</texture>
            <visible>true</visible>
        </control>
    
        <control type="group">
        
            <animation type="WindowOpen">
                    <effect type="fade" start="0" end="100" time="700" delay="200" tween="circle" easing="inout"/>
                    <effect type="slide" start="0,-20" end="0,0" time="700" delay="200" tween="circle" easing="inout"/>
            </animation>  
            <animation type="WindowClose">
                    <effect type="fade" start="100" end="0" time="400" delay="0" tween="line" easing="inout"/>
                    <effect type="slide" start="0,0" end="0,-100" time="400" delay="0" tween="line" easing="inout"/>
            </animation>
        
            <control type="image">
                <description>Dialog BackgroundTTL</description>
                <posx>0</posx>
                <posy>0</posy>
                <width>600</width>
                <height>50</height>
                <texture>title2.png</texture>
            </control>
            <control type="label" id="100">
                
                <animation type="WindowOpen">
                        <effect type="fade" start="0" end="100" time="400" delay="400" tween="line" easing="inout"/>
                </animation>  
                <animation type="WindowClose">
                        <effect type="fade" start="100" end="0" time="400" delay="400" tween="line" easing="inout"/>
                </animation>
                
                <description>Caption</description>
                <posx>0</posx>
                <posy>3</posy>
                <width>600</width>
                <height>45</height>
                <font>font12</font>
                <aligny>center</aligny>
                <align>center</align>
                <scroll>True</scroll>
                <!--shadowcolor>ff000000</shadowcolor-->
                <wrapmultiline>false</wrapmultiline>
                <scrollspeed>50</scrollspeed>
            </control>
        </control> 
    
      <control type="group">      
        
        <animation type="WindowOpen">
                <effect type="fade" start="0" end="100" time="700" delay="0" tween="circle" easing="inout"/>
                <effect type="slide" start="0,-50" end="0,0" time="700" delay="0" tween="circle" easing="inout"/>
        </animation>  
        <animation type="WindowClose">
                <effect type="fade" start="100" end="0" time="400" delay="0" tween="circle" easing="inout"/>
                <effect type="slide" start="0,0" end="0,100" time="700" delay="0" tween="circle" easing="inout"/>
        </animation>
        
        <control type="image">
            <description>Dialog Background</description>
            <posx>0</posx>
            <posy>55</posy>
            <width>600</width>
            <height>115</height>
            <texture>dialog_background.png</texture>
        </control>
        <control type="image">
            <description>Info icon</description>
            <posx>20</posx>
            <posy>80</posy>
            <width>60</width>
            <height>60</height>
            <texture>info.png</texture>
        </control>
        <control type="textbox" id="200">
            <description>Message</description>
            <posx>95</posx>
            <posy>60</posy>
            <width>490</width>
            <height>100</height>
            <font>font12</font>
            <aligny>center</aligny>
            <align>center</align>
            <scroll>True</scroll>
            <autoscroll delay="3000" time="1000" repeat="5000">True</autoscroll>
            <wrapmultiline>True</wrapmultiline>
            <scrollspeed>50</scrollspeed>
         </control>   
         
         <control type="group">
             <animation type="WindowOpen"> 
                        <effect type="fade" start="0" end="100" time="400" delay="600"/>
                        <effect type="slide" start="20,0" end="0,0" time="400" delay="600"/>
             </animation>
                    
             <control type="image">       
                    <description>No button bckg</description>
	                
	                <left>498</left>
                    <top>170</top>
	                <width>100</width>
	                <height>35</height>
	                <texture>title2.png</texture>
             </control>
             <control type="image">
                    <description>No button focus</description>
	                
	                <left>498</left>
                    <top>170</top>
	                <width>100</width>
	                <height>35</height>
	                <visible>Control.HasFocus(251)</visible>
	                <texture>btn_f.png</texture>
             </control>
             <control type="label" id="250">
                    <description>No button label</description>
	                
	                <left>498</left>
                    <top>170</top>
	                <width>100</width>
	                <height>35</height>
	                <label></label>
	                <font>font12</font>
	                <align>center</align>
	                <aligny>center</aligny>
             </control>
             <control type="button" id="251">         
                    <description>No button</description>
	                
	                <left>498</left>
                    <top>170</top>
	                <width>100</width>
	                <height>35</height>
	                <texturenofocus>-</texturenofocus>
	                <texturefocus>-</texturefocus>
             </control>
         </control>
         
         <control type="group">
             <animation type="WindowOpen"> 
                        <effect type="fade" start="0" end="100" time="400" delay="400"/>
                        <effect type="slide" start="20,0" end="0,0" time="400" delay="400"/>
             </animation>
             
             <control type="image">
                    <description>Yes button bckg</description>
	                
	                <left>397</left>
                    <top>170</top>
	                <width>100</width>
	                <height>35</height>
	                <texture>title2.png</texture>
             </control>
             <control type="image">           
                    <description>Yes button focus</description>
	     
	                <left>397</left>
                    <top>170</top>
	                <width>100</width>
	                <height>35</height>
	                <visible>Control.HasFocus(261)</visible>
	                <texture>btn_f.png</texture>
             </control>
             <control type="label" id="260">
                    <description>Yes button label</description>
	                
	                <left>397</left>
                    <top>170</top>
	                <width>100</width>
	                <height>35</height>
	                <font>font12</font>
	                <align>center</align>
	                <aligny>center</aligny>
             </control>
             <control type="button" id="261">
                    <description>Yes button</description>
	                
	                <left>397</left>
                    <top>170</top>
	                <width>100</width>
	                <height>35</height>
	                <texturenofocus>-</texturenofocus>
	                <texturefocus>-</texturefocus>
             </control>
         </control>
      </control>  
    </controls>
</window>