<?xml version="1.0" encoding="utf-8" standalone="yes"?>
<window>
    <zorder>-1</zorder>
    <coordinates>
        <system>1</system>
        <posx>770</posx>
        <posy>20</posy>
    </coordinates>
    
    <controls>
        
      <control type="group">      
        
        <animation type="WindowOpen">
                <effect type="fade" start="0" end="70" time="700" delay="0" tween="circle" easing="inout"/>
                <effect type="slide" start="50,0" end="0,0" time="700" delay="0" tween="circle" easing="inout"/>
        </animation>  
        <animation type="WindowClose">
                <effect type="fade" start="70" end="0" time="700" delay="400" tween="circle" easing="inout"/>
                <effect type="slide" start="0,0" end="100,0" time="700" delay="400" tween="circle" easing="inout"/>
        </animation>  
        <control type="image">
            <description>Dialog Background</description>
            <posx>0</posx>
            <posy>55</posy>
            <width>550</width>
            <height>115</height>
            <texture>dim.png</texture>
        </control>
      </control>
      
      <control type="group">
      
        <animation type="WindowOpen">
                <effect type="fade" start="0" end="100" time="400" delay="400" tween="circle" easing="inout"/>
                <effect type="slide" start="50,0" end="0,0" time="400" delay="400" tween="circle" easing="inout"/>
        </animation>  
        <animation type="WindowClose">
                <effect type="fade" start="100" end="0" time="700" delay="400" tween="circle" easing="inout"/>
                <effect type="slide" start="0,0" end="100,0" time="700" delay="400" tween="circle" easing="inout"/>
        </animation>
      
        <control type="image" id="300">
            <description>Cover</description>
            <posx>9</posx>
            <posy>62</posy>
            <width>70</width>
            <height>100</height>
            <texture>nowpd.png</texture>
        </control>
        <control type="image" id="300">
            <description>Glass</description>
            <posx>9</posx>
            <posy>60</posy>
            <width>70</width>
            <height>100</height>
            <texture>title.png</texture>
        </control>
      </control>
      
      <control type="group">
        
        <animation type="WindowOpen">
                <effect type="fade" start="0" end="100" time="700" delay="700" tween="circle" easing="inout"/>
                <effect type="slide" start="100,0" end="0,0" time="700" delay="700" tween="circle" easing="inout"/>
        </animation>  
        <animation type="WindowClose">
                <effect type="fade" start="100" end="0" time="700" delay="0" tween="circle" easing="inout"/>
                <effect type="slide" start="0,0" end="100,0" time="700" delay="0" tween="circle" easing="inout"/>
        </animation>
      
        <control type="textbox" id="200">
            <description>Text</description>
            <posx>90</posx>
            <posy>60</posy>
            <width>400</width>
            <height>100</height>
            <font>font12</font>
            <aligny>center</aligny>
            <align>left</align>
            <scroll>True</scroll>
            <autoscroll delay="3000" time="1000" repeat="5000">True</autoscroll>
            <wrapmultiline>True</wrapmultiline>
            <scrollspeed>50</scrollspeed>
         </control>        
      </control>  
      
    </controls>
</window>